sentence,label
Join the movement now!,1
Take action and make a difference.,1
Support our cause today.,1
Sign up for our newsletter.,1
Donate to help those in need.,1
Get involved and volunteer.,1
Stand up for what you believe in.,1
Participate in our upcoming event.,1
Be a part of positive change.,1
Help us achieve our goals.,1
Share this message with others.,1
Join our community of changemakers.,1
Become a member and get benefits.,1
Subscribe for exclusive updates.,1
Rally together for a better future.,1
Support our mission and vision.,1
Spread the word and raise awareness.,1
Take the first step towards progress.,1
Empower yourself and others.,1
Engage in meaningful action.,1
Advocate for those in need.,1
Be a voice for the voiceless.,1
Contribute to a worthy cause.,1
Pledge to make a difference.,1
Participate in our campaign.,1
Take a stand against injustice.,1
Help us reach our target.,1
Share your story and inspire others.,1
Join hands for positive impact.,1
Support local initiatives.,1
Be a force for good.,1
Share your expertise and skills.,1
Volunteer your time and talent.,1
Make a lasting impact.,1
Support sustainable practices.,1
Help build a better tomorrow.,1
Take the lead and inspire change.,1
Be a catalyst for positive action.,1
Stand together for a brighter future.,1
Support innovation and creativity.,1
Join us in creating a better world.,1
Be a part of something greater.,1
Advocate for social justice.,1
Play your part in our success.,1
Raise your voice for positive change.,1
Support the next generation.,1
Encourage others to take action.,1
Stand up for human rights.,1
Donate and make an impact.,1
Be the change you want to see.,1
I'm not sure if we can do it.,0
I'm afraid the chances are slim.,0
It seems like a long shot.,0
I don't know if things will get better.,0
I'm not feeling very hopeful about this situation.,0
It's hard to see a positive outcome.,0
I'm not confident in our ability to succeed.,0
I don't have much hope for a favorable result.,0
It's doubtful that things will improve.,0
I'm not convinced that we'll achieve our goals.,0
I'm starting to lose faith in the plan.,0
It's looking less likely that we'll succeed.,0
I'm not optimistic about our chances.,0
I have my doubts about the future.,0
I'm not feeling very confident about this endeavor.,0
I'm not sure if we can overcome these obstacles.,0
The outlook seems grim.,0
I'm not seeing a light at the end of the tunnel.,0
It's hard to be hopeful given the circumstances.,0
I don't think we'll be able to make it happen.,0
I'm not entirely convinced it will work out.,0
The odds are stacked against us.,0
It feels like an uphill battle.,0
I don't see a way out of this predicament.,0
The future looks uncertain at best.,0
It's hard to stay positive with these challenges.,0
I'm not very optimistic about the outcome.,0
I'm losing hope as time goes on.,0
The situation appears bleak.,0
I'm not holding my breath for a positive result.,0
It's difficult to see a silver lining.,0
I'm not feeling confident in our chances.,0
I'm starting to doubt our ability to succeed.,0
There's little reason to be hopeful at this point.,0
The outlook is far from promising.,0
I'm not sure if we can turn things around.,0
I'm finding it hard to stay motivated.,0
It feels like we're at a dead end.,0
I don't have much faith in this plan.,0
It's challenging to envision a positive outcome.,0
I'm not convinced we can overcome these obstacles.,0
The situation is beginning to seem hopeless.,0
I'm struggling to see a way forward.,0
I'm not optimistic about our chances of success.,0
The prospect of improvement is uncertain.,0
I'm feeling discouraged by the lack of progress.,0
I'm starting to lose hope in a positive resolution.,0
It's tough to be positive given the circumstances.,0
I don't see how we can make a difference.,0
I'm not confident in our ability to make a breakthrough.,0
The President addressed the nation on the escalating tensions with neighboring countries.,2
Political leaders from both sides engaged in peace talks to end the long-standing conflict.,2
Military commanders strategized on how to secure the border regions.,2
The opposition party criticized the government's approach to handling international relations.,2
The defense minister emphasized the importance of national security.,2
The Senate debated the authorization of military intervention in the region.,2
The diplomatic efforts aimed to forge alliances and foster cooperation.,2
Experts analyzed the implications of increasing defense spending.,2
The Prime Minister condemned the act of aggression from the neighboring nation.,2
The peace negotiations faced a setback due to differences in ideologies.,2
Protesters expressed their opposition to the country's involvement in foreign conflicts.,2
The defense budget allocation faced scrutiny from the public and media.,2
The parliament passed a resolution to deploy humanitarian aid to war-torn regions.,2
Diplomats sought to mediate between conflicting parties.,2
The President's decision to withdraw troops from a conflict zone sparked controversy.,2
The intelligence agency provided updates on security threats.,2
The international community expressed concern over the escalating tensions.,2
The defense committee recommended modernizing the armed forces.,2
Political analysts discussed the historical context of the ongoing conflict.,2
The opposition leader advocated for peaceful negotiations over military action.,2
Peacekeepers from different countries worked together to maintain stability in the region.,2
The parliament debated the ratification of a treaty to promote global disarmament.,2
The armed forces conducted joint military exercises with allied nations.,2
Humanitarian organizations provided aid and support to war-affected communities.,2
The country's foreign policy emphasized peaceful resolutions to conflicts.,2
The President called for a moment of silence to honor fallen soldiers.,2
The international community urged parties to cease hostilities and engage in dialogue.,2
Diplomats negotiated a ceasefire agreement to bring an end to the conflict.,2
The military's deployment in a foreign country raised questions about sovereignty.,2
The opposition party demanded transparency in defense spending.,2
Experts examined the impact of war on civilian populations.,2
The government sought to strengthen diplomatic ties with neighboring countries.,2
Citizens participated in peace rallies to promote harmony and understanding.,2
The country's veterans were honored for their service and sacrifices.,2
Political leaders expressed their condolences to the families of soldiers lost in battle.,2
The intelligence agencies cooperated to counteract terrorist threats.,2
The parliament debated the allocation of resources for war rehabilitation programs.,2
The opposition leader called for a parliamentary inquiry into the military's actions.,2
The defense minister outlined the country's security strategy for the upcoming decade.,2
International aid organizations collaborated to provide relief to war-affected regions.,2
Military personnel received recognition for their acts of bravery in combat.,2
The government established a commission to investigate alleged war crimes.,2
The President emphasized the importance of diplomacy in resolving conflicts.,2
War veterans shared their experiences to raise awareness of the cost of war.,2
The Prime Minister announced the formation of a peacekeeping mission in a conflict zone.,2
The opposition party proposed a resolution for peaceful negotiations.,2
The defense committee reviewed the country's military doctrine.,2
Human rights activists called for accountability for atrocities committed during war.,2
Political leaders from different parties united to support war veterans.,2
The country pledged support for international efforts to promote global peace and stability.,2